Time,Temperature
0.477789015,9.109248673
0.477789015,8.938391779
0.477789015,7.742393519
0.477789015,7.571536625
0.477789015,7.40067973
0.477789015,7.229822836
0.477789015,7.058965942
0.477789015,6.888109047
0.477789015,6.717252153
0.477789015,6.546395259
0.477789015,6.375538364
0.477789015,6.20468147
0.477789015,6.033824576
0.477789015,5.862967682
0.477789015,5.692110787
0.477789015,5.521253893
0.477789015,5.350396999
0.477789015,5.179540104
0.477789015,5.00868321
0.477789015,4.837826316
0.477789015,4.666969421
0.477789015,2.787543584
0.477789015,2.61668669
0.477789015,2.445829795
0.477789015,2.274972901
0.477789015,1.933259113
0.97852414,10.6472642
0.97852414,10.4764073
0.97852414,10.30555041
0.97852414,9.451265938
0.97852414,9.109552149
0.97852414,8.938695255
0.97852414,8.596981466
0.97852414,8.426124572
0.97852414,8.255267678
0.97852414,8.084410783
0.97852414,7.913553889
0.97852414,7.742696995
0.97852414,7.5718401
0.97852414,7.400983206
0.97852414,7.230126312
0.97852414,7.059269417
0.97852414,6.888412523
0.97852414,6.717555629
0.97852414,6.546698735
0.97852414,6.37584184
0.97852414,6.204984946
0.97852414,6.034128052
0.97852414,5.863271157
0.97852414,5.692414263
0.97852414,5.521557369
0.97852414,5.350700474
0.97852414,5.17984358
0.97852414,5.008986686
0.97852414,4.838129792
0.97852414,4.667272897
0.97852414,4.496416003
0.97852414,2.958703954
0.97852414,2.78784706
0.97852414,2.616990166
0.97852414,2.446133271
0.97852414,2.275276377
0.97852414,2.104419483
1.479259266,12.01442283
1.479259266,11.84356593
1.479259266,11.67270904
1.479259266,11.50185215
1.479259266,11.33099525
1.479259266,11.16013836
1.479259266,10.98928146
1.479259266,10.81842457
1.479259266,10.64756767
1.479259266,10.47671078
1.479259266,10.30585389
1.479259266,10.13499699
1.479259266,9.964140096
1.479259266,9.793283202
1.479259266,9.622426308
1.479259266,9.451569414
1.479259266,9.280712519
1.479259266,9.109855625
1.479259266,8.938998731
1.479259266,8.768141836
1.479259266,8.597284942
1.479259266,8.426428048
1.479259266,8.255571153
1.479259266,8.084714259
1.479259266,7.913857365
1.479259266,7.743000471
1.479259266,7.572143576
1.479259266,4.838433267
1.479259266,4.667576373
1.479259266,2.95900743
1.479259266,2.788150536
1.479259266,2.617293641
1.479259266,2.446436747
1.479259266,2.275579853
1.479259266,2.104722959
1.479259266,1.933866064
1.979994391,12.1855832
1.979994391,12.0147263
1.979994391,11.84386941
1.979994391,11.67301252
1.979994391,11.50215562
1.979994391,11.33129873
1.979994391,11.16044183
1.979994391,10.98958494
1.979994391,10.81872804
1.979994391,10.64787115
1.979994391,10.47701426
1.979994391,10.30615736
1.979994391,10.13530047
1.979994391,9.964443572
1.979994391,9.793586678
1.979994391,9.622729784
1.979994391,9.451872889
1.979994391,9.281015995
1.979994391,9.110159101
1.979994391,8.939302206
1.979994391,8.768445312
1.979994391,8.597588418
1.979994391,8.426731524
1.979994391,8.255874629
1.979994391,8.085017735
1.979994391,7.914160841
1.979994391,2.788454012
1.979994391,2.617597117
1.979994391,2.446740223
1.979994391,2.275883329
1.979994391,2.105026434
1.979994391,1.93416954
2.480729516,12.18588667
2.480729516,12.01502978
2.480729516,11.84417289
2.480729516,11.67331599
2.480729516,11.5024591
2.480729516,11.3316022
2.480729516,11.16074531
2.480729516,10.98988841
2.480729516,10.81903152
2.480729516,10.64817463
2.480729516,10.47731773
2.480729516,10.30646084
2.480729516,10.13560394
2.480729516,9.964747048
2.480729516,9.793890154
2.480729516,9.623033259
2.480729516,9.452176365
2.480729516,9.281319471
2.480729516,9.110462577
2.480729516,8.939605682
2.480729516,8.768748788
2.480729516,8.597891894
2.480729516,8.427034999
2.480729516,8.256178105
2.480729516,8.085321211
2.480729516,7.914464316
2.480729516,7.743607422
2.480729516,7.572750528
2.480729516,7.401893634
2.480729516,7.231036739
2.480729516,7.060179845
2.480729516,6.889322951
2.480729516,6.718466056
2.480729516,6.547609162
2.480729516,6.376752268
2.480729516,6.205895373
2.480729516,6.035038479
2.480729516,5.864181585
2.480729516,5.693324691
2.480729516,1.934473016
2.480729516,1.763616122
2.480729516,1.592759227
2.480729516,1.421902333
2.981464642,9.281622947
2.981464642,9.110766052
2.981464642,8.769052264
2.981464642,8.59819537
2.981464642,7.914767792
2.981464642,7.743910898
2.981464642,7.573054004
2.981464642,7.402197109
2.981464642,5.693628166
2.981464642,5.522771272
2.981464642,5.351914378
2.981464642,5.181057483
2.981464642,5.010200589
2.981464642,4.839343695
2.981464642,4.668486801
2.981464642,2.447347175
2.981464642,2.27649028
2.981464642,2.105633386
2.981464642,1.934776492
2.981464642,1.763919597
2.981464642,1.593062703
2.981464642,1.422205809
3.482199767,9.111069528
3.482199767,8.76935574
3.482199767,8.598498845
3.482199767,7.57335748
3.482199767,7.402500585
3.482199767,5.693931642
3.482199767,5.523074748
3.482199767,5.352217854
3.482199767,5.181360959
3.482199767,5.010504065
3.482199767,4.839647171
3.482199767,4.668790276
3.482199767,4.497933382
3.482199767,2.44765065
3.482199767,2.276793756
3.482199767,2.105936862
3.482199767,1.935079968
3.482199767,1.764223073
3.482199767,1.593366179
3.982934893,9.965657476
3.982934893,9.794800581
3.982934893,9.623943687
3.982934893,9.453086793
3.982934893,8.598802321
3.982934893,8.427945427
3.982934893,8.257088533
3.982934893,8.086231638
3.982934893,7.915374744
3.982934893,7.573660955
3.982934893,7.402804061
3.982934893,6.890233378
3.982934893,6.719376484
3.982934893,6.54851959
3.982934893,6.377662695
3.982934893,5.523378224
3.982934893,5.352521329
3.982934893,5.181664435
3.982934893,5.010807541
3.982934893,4.669093752
3.982934893,4.498236858
3.982934893,2.447954126
3.982934893,2.277097232
3.982934893,2.106240338
3.982934893,1.935383443
4.483670018,9.965960951
4.483670018,9.795104057
4.483670018,9.624247163
4.483670018,9.453390269
4.483670018,9.282533374
4.483670018,9.11167648
4.483670018,8.940819586
4.483670018,8.769962691
4.483670018,8.599105797
4.483670018,8.428248903
4.483670018,8.257392008
4.483670018,8.086535114
4.483670018,7.91567822
4.483670018,7.744821326
4.483670018,7.573964431
4.483670018,7.403107537
4.483670018,7.232250643
4.483670018,7.061393748
4.483670018,6.890536854
4.483670018,6.71967996
4.483670018,6.548823065
4.483670018,6.377966171
4.483670018,5.5236817
4.483670018,5.352824805
4.483670018,5.181967911
4.483670018,5.011111017
4.483670018,4.669397228
4.483670018,4.498540334
4.483670018,2.277400708
4.483670018,2.106543814
4.483670018,1.935686919
4.984405143,9.28283685
4.984405143,9.111979956
4.984405143,8.941123061
4.984405143,8.770266167
4.984405143,8.599409273
4.984405143,8.428552379
4.984405143,7.745124801
4.984405143,7.574267907
4.984405143,7.403411013
4.984405143,7.232554118
4.984405143,7.061697224
4.984405143,6.207412753
4.984405143,6.036555858
4.984405143,5.865698964
4.984405143,5.69484207
4.984405143,5.523985175
4.984405143,5.182271387
4.984405143,5.011414493
4.984405143,4.840557598
4.984405143,4.669700704
4.984405143,4.49884381
4.984405143,2.106847289
4.984405143,1.935990395
5.485140269,8.599712749
5.485140269,8.428855854
5.485140269,8.087142066
5.485140269,6.207716228
5.485140269,6.036859334
5.485140269,5.86600244
5.485140269,5.695145546
5.485140269,5.182574863
5.485140269,5.011717968
5.485140269,2.790578342
5.485140269,2.619721448
5.485140269,2.448864554
5.485140269,2.27800766
5.485140269,2.107150765
5.485140269,1.936293871
5.985875394,8.600016225
5.985875394,8.42915933
5.985875394,5.012021444
5.985875394,4.84116455
5.985875394,2.961738713
5.985875394,2.790881818
5.985875394,2.620024924
5.985875394,2.44916803
5.985875394,2.278311135
5.985875394,2.107454241
5.985875394,1.936597347
6.48661052,8.6003197
6.48661052,8.429462806
6.48661052,5.01232492
6.48661052,4.841468026
6.48661052,2.962042188
6.48661052,2.791185294
6.48661052,2.6203284
6.48661052,2.449471505
6.48661052,2.278614611
6.48661052,2.107757717
6.48661052,1.936900823
6.48661052,1.766043928
6.48661052,1.595187034
6.987345645,10.8217628
6.987345645,9.967478331
6.987345645,9.796621436
6.987345645,9.625764542
6.987345645,9.454907648
6.987345645,9.284050753
6.987345645,9.113193859
6.987345645,8.942336965
6.987345645,8.77148007
6.987345645,8.600623176
6.987345645,8.429766282
6.987345645,6.037769762
6.987345645,5.866912867
6.987345645,5.18348529
6.987345645,5.012628396
6.987345645,2.620631876
6.987345645,2.449774981
6.987345645,2.278918087
6.987345645,2.108061193
6.987345645,1.937204298
6.987345645,1.766347404
6.987345645,1.59549051
6.987345645,1.424633616
7.48808077,10.82206628
7.48808077,9.967781806
7.48808077,9.796924912
7.48808077,9.626068018
7.48808077,9.455211124
7.48808077,9.284354229
7.48808077,9.113497335
7.48808077,8.942640441
7.48808077,8.771783546
7.48808077,8.600926652
7.48808077,8.430069758
7.48808077,8.259212863
7.48808077,8.088355969
7.48808077,7.917499075
7.48808077,7.746642181
7.48808077,7.575785286
7.48808077,7.404928392
7.48808077,7.234071498
7.48808077,7.063214603
7.48808077,6.892357709
7.48808077,6.721500815
7.48808077,6.55064392
7.48808077,6.379787026
7.48808077,6.208930132
7.48808077,6.038073237
7.48808077,5.867216343
7.48808077,5.696359449
7.48808077,5.525502555
7.48808077,5.35464566
7.48808077,5.183788766
7.48808077,5.012931872
7.48808077,1.937507774
7.48808077,1.76665088
7.48808077,1.595793986
7.988815896,10.82236975
7.988815896,10.65151286
7.988815896,10.48065597
7.988815896,10.30979907
7.988815896,10.13894218
7.988815896,9.968085282
7.988815896,9.797228388
7.988815896,9.626371494
7.988815896,9.455514599
7.988815896,9.284657705
7.988815896,9.113800811
7.988815896,8.942943916
7.988815896,8.772087022
7.988815896,8.601230128
7.988815896,8.430373234
7.988815896,8.259516339
7.988815896,6.038376713
7.988815896,5.867519819
7.988815896,1.93781125
7.988815896,1.766954356
8.489551021,9.455818075
8.489551021,9.284961181
8.489551021,8.772390498
8.489551021,8.601533604
8.489551021,8.430676709
8.489551021,8.259819815
8.489551021,8.088962921
8.489551021,7.918106026
8.489551021,7.747249132
8.489551021,7.576392238
8.489551021,7.405535344
8.489551021,7.234678449
8.489551021,7.063821555
8.489551021,6.892964661
8.489551021,6.722107766
8.489551021,6.551250872
8.489551021,6.380393978
8.489551021,6.209537083
8.489551021,6.038680189
8.489551021,5.867823295
8.489551021,5.696966401
8.489551021,5.526109506
8.489551021,1.767257832
8.489551021,1.596400937
8.990286146,9.456121551
8.990286146,9.285264657
8.990286146,8.943550868
8.990286146,8.60183708
8.990286146,8.260123291
8.990286146,8.089266397
8.990286146,7.918409502
8.990286146,7.747552608
8.990286146,7.576695714
8.990286146,7.405838819
8.990286146,7.234981925
8.990286146,7.064125031
8.990286146,6.893268137
8.990286146,6.722411242
8.990286146,6.551554348
8.990286146,6.380697454
8.990286146,6.209840559
8.990286146,6.038983665
8.990286146,5.868126771
8.990286146,5.697269876
8.990286146,5.526412982
8.990286146,5.355556088
8.990286146,1.767561307
8.990286146,1.596704413
9.491021272,9.114711238
9.491021272,8.943854344
9.491021272,8.089569872
9.491021272,7.918712978
9.491021272,5.526716458
9.491021272,5.355859564
9.491021272,5.185002669
9.491021272,5.014145775
9.491021272,4.843288881
9.491021272,4.672431986
9.491021272,1.767864783
9.491021272,1.597007889
9.491021272,1.426150995
9.991756397,9.456728503
9.991756397,8.94415782
9.991756397,8.773300925
9.991756397,8.602444031
9.991756397,8.431587137
9.991756397,8.260730243
9.991756397,8.089873348
9.991756397,7.919016454
9.991756397,7.064731982
9.991756397,6.893875088
9.991756397,6.723018194
9.991756397,6.5521613
9.991756397,6.381304405
9.991756397,5.014449251
9.991756397,4.843592357
9.991756397,4.672735462
9.991756397,2.280738942
9.991756397,2.109882048
9.991756397,1.939025153
9.991756397,1.768168259
9.991756397,1.597311365
10.49249152,9.627888873
10.49249152,9.457031979
10.49249152,9.286175084
10.49249152,9.11531819
10.49249152,8.602747507
10.49249152,8.431890613
10.49249152,8.261033718
10.49249152,8.090176824
10.49249152,7.91931993
10.49249152,7.748463036
10.49249152,7.577606141
10.49249152,6.894178564
10.49249152,6.72332167
10.49249152,6.552464775
10.49249152,6.381607881
10.49249152,5.014752727
10.49249152,4.843895832
10.49249152,4.673038938
10.49249152,2.281042418
10.49249152,2.110185524
10.49249152,1.939328629
10.49249152,1.768471735
10.49249152,1.597614841
10.99322665,9.457335454
10.99322665,9.28647856
10.99322665,9.115621666
10.99322665,8.603050983
10.99322665,8.432194089
10.99322665,8.261337194
10.99322665,8.0904803
10.99322665,7.919623406
10.99322665,7.748766511
10.99322665,7.577909617
10.99322665,6.723625146
10.99322665,6.552768251
10.99322665,6.381911357
10.99322665,5.015056203
10.99322665,4.844199308
10.99322665,4.673342414
10.99322665,4.50248552
10.99322665,2.281345894
10.99322665,2.110488999
10.99322665,1.939632105
10.99322665,1.768775211
10.99322665,1.597918316
10.99322665,1.427061422
11.49396177,8.603354459
11.49396177,8.432497564
11.49396177,8.090783776
11.49396177,7.919926881
11.49396177,6.553071727
11.49396177,6.382214833
11.49396177,6.211357938
11.49396177,4.844502784
11.49396177,4.67364589
11.49396177,4.502788995
11.49396177,4.331932101
11.49396177,2.452506264
11.49396177,2.28164937
11.49396177,2.110792475
11.49396177,1.939935581
11.49396177,1.769078687
11.49396177,1.598221792
11.49396177,1.427364898
11.9946969,8.091087252
11.9946969,7.920230357
11.9946969,6.382518309
11.9946969,4.503092471
11.9946969,4.332235577
11.9946969,2.45280974
11.9946969,2.281952845
11.9946969,2.111095951
11.9946969,1.940239057
11.9946969,1.769382162
11.9946969,1.598525268
11.9946969,1.427668374
12.49543202,8.262247622
12.49543202,8.091390727
12.49543202,7.920533833
12.49543202,7.237106256
12.49543202,7.066249362
12.49543202,6.895392467
12.49543202,6.724535573
12.49543202,6.553678679
12.49543202,6.382821784
12.49543202,6.21196489
12.49543202,6.041107996
12.49543202,5.870251102
12.49543202,5.699394207
12.49543202,5.528537313
12.49543202,5.357680419
12.49543202,5.186823524
12.49543202,5.01596663
12.49543202,4.845109736
12.49543202,4.674252841
12.49543202,4.503395947
12.49543202,4.332539053
12.49543202,4.161682159
12.49543202,2.453113215
12.49543202,2.282256321
12.49543202,2.111399427
12.49543202,1.940542533
12.49543202,1.769685638
12.49543202,1.598828744
12.49543202,1.42797185
12.99616715,9.116835569
12.99616715,8.262551098
12.99616715,8.091694203
12.99616715,7.920837309
12.99616715,7.408266626
12.99616715,7.237409732
12.99616715,7.066552837
12.99616715,6.895695943
12.99616715,6.724839049
12.99616715,6.553982155
12.99616715,6.38312526
12.99616715,6.212268366
12.99616715,6.041411472
12.99616715,5.870554577
12.99616715,5.699697683
12.99616715,5.528840789
12.99616715,5.357983894
12.99616715,5.187127
12.99616715,5.016270106
12.99616715,4.845413212
12.99616715,4.674556317
12.99616715,4.503699423
12.99616715,4.332842529
12.99616715,1.59913222
12.99616715,1.428275326
13.49690228,11.67999246
13.49690228,11.50913557
13.49690228,11.33827867
13.49690228,11.16742178
13.49690228,10.99656488
13.49690228,10.82570799
13.49690228,10.65485109
13.49690228,10.4839942
13.49690228,10.31313731
13.49690228,10.14228041
13.49690228,9.971423516
13.49690228,9.800566622
13.49690228,9.629709728
13.49690228,9.458852834
13.49690228,9.287995939
13.49690228,9.117139045
13.49690228,8.946282151
13.49690228,8.775425256
13.49690228,8.604568362
13.49690228,8.433711468
13.49690228,8.262854573
13.49690228,8.091997679
13.49690228,7.921140785
13.49690228,7.750283891
13.49690228,7.579426996
13.49690228,7.408570102
13.49690228,6.041714947
13.49690228,5.870858053
13.49690228,1.599435696
13.49690228,1.428578801
13.9976374,11.68029594
13.9976374,11.50943904
13.9976374,11.33858215
13.9976374,11.16772525
13.9976374,10.99686836
13.9976374,10.82601146
13.9976374,10.65515457
13.9976374,10.48429768
13.9976374,10.31344078
13.9976374,10.14258389
13.9976374,9.971726992
13.9976374,9.800870098
13.9976374,9.630013204
13.9976374,9.459156309
13.9976374,9.288299415
13.9976374,9.117442521
13.9976374,8.946585626
13.9976374,8.775728732
13.9976374,8.604871838
13.9976374,8.434014944
13.9976374,8.263158049
13.9976374,8.092301155
13.9976374,7.921444261
13.9976374,7.750587366
13.9976374,7.579730472
13.9976374,7.408873578
13.9976374,6.042018423
13.9976374,5.871161529
13.9976374,5.700304635
13.9976374,1.599739171
13.9976374,1.428882277
14.49837253,11.68059941
14.49837253,11.50974252
14.49837253,11.33888562
14.49837253,11.16802873
14.49837253,10.99717183
14.49837253,10.82631494
14.49837253,10.65545805
14.49837253,10.48460115
14.49837253,10.31374426
14.49837253,10.14288736
14.49837253,9.972030468
14.49837253,9.801173574
14.49837253,9.63031668
14.49837253,9.459459785
14.49837253,9.288602891
14.49837253,9.117745997
14.49837253,8.946889102
14.49837253,8.776032208
14.49837253,8.605175314
14.49837253,8.434318419
14.49837253,8.263461525
14.49837253,8.092604631
14.49837253,7.921747736
14.49837253,7.750890842
14.49837253,7.580033948
14.49837253,7.409177054
14.49837253,7.238320159
14.49837253,7.067463265
14.49837253,6.896606371
14.49837253,6.725749476
14.49837253,6.554892582
14.49837253,6.384035688
14.49837253,6.213178793
14.49837253,6.042321899
14.49837253,5.871465005
14.49837253,5.700608111
14.49837253,1.600042647
14.49837253,1.429185753
14.99910765,10.14319084
14.99910765,9.972333944
14.99910765,9.80147705
14.99910765,9.630620155
14.99910765,9.288906367
14.99910765,9.118049472
14.99910765,8.947192578
14.99910765,8.776335684
14.99910765,8.60547879
14.99910765,8.434621895
14.99910765,8.263765001
14.99910765,8.092908107
14.99910765,7.922051212
14.99910765,7.751194318
14.99910765,7.580337424
14.99910765,7.409480529
14.99910765,5.700911586
14.99910765,5.530054692
14.99910765,5.359197798
14.99910765,5.188340903
14.99910765,5.017484009
14.99910765,4.846627115
14.99910765,4.675770221
14.99910765,1.600346123
14.99910765,1.429489229
15.49984278,7.751497794
15.49984278,7.5806409
15.49984278,7.409784005
15.49984278,7.238927111
15.49984278,6.384642639
15.49984278,6.213785745
15.49984278,6.042928851
15.49984278,5.872071957
15.49984278,5.701215062
15.49984278,5.530358168
15.49984278,5.359501274
15.49984278,5.188644379
15.49984278,5.017787485
15.49984278,4.846930591
15.49984278,4.676073696
15.49984278,4.505216802
15.49984278,2.625790965
15.49984278,2.45493407
15.49984278,2.284077176
15.49984278,2.113220282
15.49984278,1.942363388
15.49984278,1.771506493
15.49984278,1.600649599
15.49984278,1.429792705
16.0005779,7.922658164
16.0005779,7.75180127
16.0005779,7.580944375
16.0005779,7.410087481
16.0005779,7.239230587
16.0005779,6.384946115
16.0005779,6.214089221
16.0005779,6.043232327
16.0005779,5.872375432
16.0005779,5.701518538
16.0005779,4.676377172
16.0005779,4.505520278
16.0005779,2.796951335
16.0005779,2.626094441
16.0005779,2.455237546
16.0005779,2.284380652
16.0005779,2.113523758
16.0005779,1.942666863
16.0005779,1.771809969
16.0005779,1.600953075
16.50131303,8.093818534
16.50131303,7.92296164
16.50131303,7.581247851
16.50131303,7.410390957
16.50131303,7.068677168
16.50131303,6.897820274
16.50131303,6.72696338
16.50131303,6.556106485
16.50131303,6.385249591
16.50131303,5.701822014
16.50131303,4.676680648
16.50131303,4.505823754
16.50131303,2.797254811
16.50131303,2.626397916
16.50131303,2.455541022
16.50131303,2.284684128
16.50131303,2.113827234
16.50131303,1.942970339
16.50131303,1.772113445
17.00204815,8.09412201
17.00204815,7.923265116
17.00204815,7.752408221
17.00204815,7.581551327
17.00204815,7.410694433
17.00204815,6.89812375
17.00204815,6.727266856
17.00204815,6.556409961
17.00204815,5.70212549
17.00204815,5.531268595
17.00204815,4.676984124
17.00204815,4.50612723
17.00204815,2.626701392
17.00204815,2.455844498
17.00204815,2.284987604
17.00204815,2.114130709
17.00204815,1.943273815
17.00204815,1.772416921
17.50278328,8.094425486
17.50278328,7.923568591
17.50278328,7.752711697
17.50278328,7.581854803
17.50278328,5.702428966
17.50278328,5.531572071
17.50278328,5.360715177
17.50278328,5.189858283
17.50278328,4.506430705
17.50278328,4.335573811
17.50278328,1.943577291
17.50278328,1.772720397
18.0035184,8.094728962
18.0035184,7.923872067
18.0035184,7.753015173
18.0035184,7.582158279
18.0035184,7.411301384
18.0035184,4.506734181
18.0035184,4.335877287
18.0035184,2.114737661
18.0035184,1.943880767
18.0035184,1.773023872
18.0035184,1.602166978
18.50425353,7.582461755
18.50425353,7.41160486
18.50425353,4.507037657
18.50425353,4.336180763
18.50425353,1.944184243
18.50425353,1.773327348
18.50425353,1.602470454
18.50425353,1.43161356
19.00498865,7.924479019
19.00498865,7.753622125
19.00498865,7.58276523
19.00498865,7.411908336
19.00498865,7.070194547
19.00498865,6.899337653
19.00498865,6.728480759
19.00498865,5.019911816
19.00498865,4.507341133
19.00498865,4.336484239
19.00498865,1.60277393
19.00498865,1.431917036
19.50572378,8.437353178
19.50572378,8.266496283
19.50572378,8.095639389
19.50572378,7.924782495
19.50572378,7.753925601
19.50572378,7.583068706
19.50572378,7.412211812
19.50572378,7.241354918
19.50572378,7.070498023
19.50572378,6.899641129
19.50572378,6.728784235
19.50572378,6.55792734
19.50572378,6.387070446
19.50572378,6.216213552
19.50572378,6.045356658
19.50572378,5.874499763
19.50572378,5.703642869
19.50572378,5.532785975
19.50572378,5.36192908
19.50572378,5.191072186
19.50572378,5.020215292
19.50572378,4.849358397
19.50572378,4.678501503
19.50572378,4.507644609
19.50572378,1.603077406
19.50572378,1.432220511
20.00645891,11.00051007
20.00645891,10.82965317
20.00645891,10.65879628
20.00645891,10.31708249
20.00645891,10.1462256
20.00645891,9.975368702
20.00645891,9.804511808
20.00645891,9.291941125
20.00645891,9.121084231
20.00645891,8.950227336
20.00645891,8.437656654
20.00645891,8.266799759
20.00645891,8.095942865
20.00645891,7.925085971
20.00645891,7.754229076
20.00645891,7.583372182
20.00645891,7.412515288
20.00645891,7.241658393
20.00645891,7.070801499
20.00645891,6.729087711
20.00645891,5.020518768
20.00645891,4.849661873
20.00645891,1.603380881
20.00645891,1.432523987
20.50719403,11.00081354
20.50719403,10.82995665
20.50719403,10.48824286
20.50719403,10.31738597
20.50719403,10.14652907
20.50719403,9.63395839
20.50719403,9.463101495
20.50719403,9.292244601
20.50719403,8.779673918
20.50719403,8.608817024
20.50719403,8.437960129
20.50719403,8.267103235
20.50719403,8.096246341
20.50719403,7.925389446
20.50719403,7.754532552
20.50719403,7.583675658
20.50719403,7.412818764
20.50719403,7.241961869
20.50719403,7.071104975
20.50719403,6.900248081
20.50719403,6.729391186
20.50719403,6.558534292
20.50719403,6.387677398
20.50719403,6.216820503
20.50719403,6.045963609
20.50719403,5.875106715
20.50719403,5.704249821
20.50719403,5.533392926
20.50719403,5.362536032
20.50719403,5.191679138
20.50719403,5.020822243
20.50719403,4.849965349
20.50719403,1.603684357
20.50719403,1.432827463
20.50719403,1.261970569
20.50719403,1.091113674
21.00792916,10.48854634
21.00792916,10.31768944
21.00792916,10.14683255
21.00792916,9.634261865
21.00792916,9.463404971
21.00792916,9.292548077
21.00792916,8.779977394
21.00792916,8.6091205
21.00792916,8.438263605
21.00792916,7.242265345
21.00792916,7.071408451
21.00792916,6.900551557
21.00792916,6.729694662
21.00792916,6.558837768
21.00792916,6.387980874
21.00792916,6.217123979
21.00792916,6.046267085
21.00792916,5.875410191
21.00792916,5.704553296
21.00792916,5.533696402
21.00792916,5.362839508
21.00792916,5.191982613
21.00792916,5.021125719
21.00792916,4.850268825
21.00792916,1.433130939
21.00792916,1.262274045
21.00792916,1.09141715
21.50866428,7.071711927
21.50866428,6.900855032
21.50866428,6.217427455
21.50866428,6.046570561
21.50866428,5.875713667
21.50866428,5.704856772
21.50866428,5.192286089
21.50866428,5.021429195
21.50866428,4.850572301
21.50866428,4.679715406
21.50866428,4.508858512
21.50866428,2.971146463
21.50866428,2.800289569
21.50866428,2.629432675
21.50866428,2.45857578
21.50866428,2.287718886
21.50866428,2.116861992
21.50866428,1.946005098
21.50866428,1.775148203
21.50866428,1.604291309
21.50866428,1.433434415
21.50866428,1.26257752
21.50866428,1.091720626
22.00939941,6.217730931
22.00939941,6.046874037
22.00939941,5.876017142
22.00939941,5.363446459
22.00939941,5.192589565
22.00939941,5.021732671
22.00939941,4.850875777
22.00939941,4.680018882
22.00939941,4.509161988
22.00939941,2.971449939
22.00939941,2.800593045
22.00939941,2.629736151
22.00939941,2.458879256
22.00939941,2.288022362
22.00939941,2.117165468
22.00939941,1.946308573
22.00939941,1.775451679
22.00939941,1.604594785
22.00939941,1.433737891
22.00939941,1.262880996
22.51013453,8.610030927
22.51013453,8.439174033
22.51013453,6.218034407
22.51013453,5.53460683
22.51013453,5.363749935
22.51013453,5.192893041
22.51013453,5.022036147
22.51013453,4.851179252
22.51013453,4.680322358
22.51013453,4.509465464
22.51013453,2.971753415
22.51013453,2.800896521
22.51013453,2.630039626
22.51013453,2.459182732
22.51013453,2.288325838
22.51013453,2.117468944
22.51013453,1.946612049
22.51013453,1.775755155
23.01086966,8.610334403
23.01086966,8.439477509
23.01086966,5.534910305
23.01086966,5.364053411
23.01086966,5.193196517
23.01086966,5.022339623
23.01086966,4.851482728
23.01086966,1.946915525
23.01086966,1.776058631
23.51160478,8.439780984
23.51160478,7.07292583
23.51160478,6.902068936
23.51160478,5.364356887
23.51160478,5.193499993
23.51160478,5.022643098
23.51160478,4.851786204
23.51160478,1.947219001
23.51160478,1.776362107
24.01233991,5.022946574
24.01233991,4.85208968
24.01233991,4.681232786
24.01233991,4.510375891
24.01233991,1.947522477
24.01233991,1.776665582
24.01233991,1.605808688
24.01233991,1.434951794
24.51307503,8.61124483
24.51307503,8.440387936
24.51307503,7.073532782
24.51307503,6.902675887
24.51307503,6.731818993
24.51307503,6.560962099
24.51307503,6.390105204
24.51307503,6.21924831
24.51307503,6.048391416
24.51307503,5.877534522
24.51307503,5.706677627
24.51307503,5.535820733
24.51307503,5.364963839
24.51307503,5.194106944
24.51307503,5.02325005
24.51307503,4.852393156
24.51307503,4.681536261
24.51307503,1.776969058
24.51307503,1.606112164
24.51307503,1.43525527
25.01381016,8.782405201
25.01381016,8.611548306
25.01381016,8.440691412
25.01381016,7.244693152
25.01381016,7.073836257
25.01381016,6.902979363
25.01381016,6.732122469
25.01381016,6.561265575
25.01381016,6.39040868
25.01381016,6.219551786
25.01381016,6.048694892
25.01381016,5.877837997
25.01381016,5.706981103
25.01381016,5.536124209
25.01381016,5.365267314
25.01381016,5.19441042
25.01381016,5.023553526
25.01381016,4.852696632
25.01381016,1.60641564
25.01381016,1.435558746
25.51454528,12.02898967
25.51454528,11.85813277
25.51454528,11.68727588
25.51454528,11.51641899
25.51454528,11.34556209
25.51454528,11.1747052
25.51454528,11.0038483
25.51454528,10.83299141
25.51454528,10.66213451
25.51454528,10.49127762
25.51454528,10.32042073
25.51454528,10.14956383
25.51454528,9.978706936
25.51454528,9.807850042
25.51454528,9.636993148
25.51454528,9.466136254
25.51454528,9.295279359
25.51454528,9.124422465
25.51454528,8.953565571
25.51454528,8.782708676
25.51454528,8.611851782
25.51454528,8.440994888
25.51454528,8.270137993
25.51454528,8.099281099
25.51454528,7.928424205
25.51454528,7.757567311
25.51454528,7.586710416
25.51454528,7.415853522
25.51454528,7.244996628
25.51454528,7.074139733
25.51454528,1.606719116
25.51454528,1.435862221
26.01528041,12.02929314
26.01528041,11.85843625
26.01528041,11.68757936
26.01528041,11.51672246
26.01528041,11.34586557
26.01528041,11.17500867
26.01528041,11.00415178
26.01528041,10.83329488
26.01528041,10.66243799
26.01528041,10.4915811
26.01528041,10.3207242
26.01528041,10.14986731
26.01528041,9.979010412
26.01528041,9.808153518
26.01528041,9.637296624
26.01528041,9.466439729
26.01528041,9.295582835
26.01528041,9.124725941
26.01528041,8.953869046
26.01528041,8.783012152
26.01528041,8.612155258
26.01528041,8.441298364
26.01528041,8.270441469
26.01528041,8.099584575
26.01528041,7.928727681
26.01528041,7.757870786
26.01528041,7.587013892
26.01528041,7.416156998
26.01528041,7.245300103
26.01528041,1.607022591
26.01528041,1.436165697
26.51601554,12.02959662
26.51601554,11.85873973
26.51601554,11.68788283
26.51601554,11.51702594
26.51601554,11.34616904
26.51601554,11.17531215
26.51601554,11.00445525
26.51601554,10.83359836
26.51601554,10.66274147
26.51601554,10.49188457
26.51601554,10.32102768
26.51601554,10.15017078
26.51601554,9.979313888
26.51601554,9.808456994
26.51601554,9.6376001
26.51601554,9.466743205
26.51601554,9.295886311
26.51601554,9.125029417
26.51601554,8.954172522
26.51601554,8.783315628
26.51601554,8.612458734
26.51601554,8.441601839
26.51601554,8.270744945
26.51601554,8.099888051
26.51601554,7.929031156
26.51601554,7.758174262
26.51601554,7.587317368
26.51601554,7.416460474
26.51601554,7.245603579
26.51601554,7.074746685
26.51601554,6.903889791
26.51601554,6.733032896
26.51601554,6.562176002
26.51601554,6.391319108
26.51601554,6.220462213
26.51601554,6.049605319
26.51601554,5.878748425
26.51601554,5.707891531
26.51601554,5.537034636
26.51601554,5.366177742
26.51601554,5.195320848
26.51601554,5.024463953
26.51601554,4.853607059
26.51601554,1.949039856
26.51601554,1.778182962
26.51601554,1.607326067
27.01675066,11.51732941
27.01675066,10.83390184
27.01675066,10.66304494
27.01675066,9.979617364
27.01675066,9.80876047
27.01675066,9.637903575
27.01675066,9.467046681
27.01675066,8.100191527
27.01675066,7.929334632
27.01675066,7.758477738
27.01675066,7.587620844
27.01675066,7.416763949
27.01675066,7.245907055
27.01675066,7.075050161
27.01675066,6.904193267
27.01675066,6.733336372
27.01675066,6.562479478
27.01675066,6.391622584
27.01675066,6.220765689
27.01675066,6.049908795
27.01675066,5.879051901
27.01675066,5.708195006
27.01675066,5.537338112
27.01675066,5.366481218
27.01675066,5.195624323
27.01675066,5.024767429
27.01675066,4.853910535
27.01675066,2.120200226
27.01675066,1.949343332
27.01675066,1.778486437
27.01675066,1.607629543
27.51748579,9.638207051
27.51748579,9.467350157
27.51748579,7.929638108
27.51748579,7.758781214
27.51748579,5.366784694
27.51748579,5.195927799
27.51748579,5.025070905
27.51748579,4.854214011
27.51748579,3.316501962
27.51748579,3.145645068
27.51748579,2.974788173
27.51748579,2.803931279
27.51748579,2.633074385
27.51748579,2.46221749
27.51748579,2.291360596
27.51748579,2.120503702
27.51748579,1.949646808
28.01822091,9.638510527
28.01822091,9.467653633
28.01822091,9.296796738
28.01822091,9.125939844
28.01822091,8.95508295
28.01822091,8.100798478
28.01822091,7.929941584
28.01822091,7.75908469
28.01822091,7.588227795
28.01822091,7.417370901
28.01822091,6.56308643
28.01822091,6.392229535
28.01822091,6.221372641
28.01822091,6.050515747
28.01822091,5.879658852
28.01822091,5.196231275
28.01822091,5.025374381
28.01822091,4.854517487
28.01822091,3.316805438
28.01822091,3.145948544
28.01822091,2.975091649
28.01822091,2.804234755
28.01822091,2.633377861
28.01822091,2.462520966
28.01822091,2.291664072
28.01822091,2.120807178
28.01822091,1.949950283
28.51895604,10.49309847
28.51895604,10.32224158
28.51895604,10.15138469
28.51895604,9.980527791
28.51895604,9.638814003
28.51895604,9.467957109
28.51895604,9.297100214
28.51895604,9.12624332
28.51895604,8.955386426
28.51895604,8.784529531
28.51895604,8.613672637
28.51895604,8.101101954
28.51895604,7.93024506
28.51895604,7.759388166
28.51895604,7.588531271
28.51895604,7.417674377
28.51895604,7.246817483
28.51895604,7.075960588
28.51895604,6.563389905
28.51895604,6.392533011
28.51895604,6.221676117
28.51895604,6.050819223
28.51895604,5.879962328
28.51895604,5.196534751
28.51895604,5.025677857
28.51895604,3.317108914
28.51895604,3.146252019
28.51895604,2.975395125
28.51895604,2.804538231
28.51895604,2.633681336
28.51895604,2.462824442
28.51895604,2.291967548
28.51895604,2.121110654
28.51895604,1.950253759
29.01969116,10.49340195
29.01969116,10.32254506
29.01969116,10.15168816
29.01969116,9.980831267
29.01969116,9.126546796
29.01969116,8.955689901
29.01969116,8.784833007
29.01969116,8.613976113
29.01969116,8.443119219
29.01969116,7.930548536
29.01969116,7.759691641
29.01969116,7.588834747
29.01969116,7.417977853
29.01969116,7.247120958
29.01969116,7.076264064
29.01969116,6.90540717
29.01969116,6.221979593
29.01969116,6.051122698
29.01969116,5.880265804
29.01969116,5.70940891
29.01969116,5.538552015
29.01969116,5.367695121
29.01969116,5.196838227
29.01969116,5.025981333
29.01969116,4.855124438
29.01969116,4.684267544
29.01969116,4.51341065
29.01969116,4.342553755
29.01969116,4.171696861
29.01969116,4.000839967
29.01969116,2.121414129
29.01969116,1.950557235
29.52042629,9.126850272
29.52042629,8.955993377
29.52042629,6.393139963
29.52042629,6.051426174
29.52042629,5.88056928
29.52042629,5.709712386
29.52042629,5.538855491
29.52042629,5.026284808
29.52042629,4.855427914
29.52042629,4.68457102
29.52042629,4.513714125
29.52042629,4.342857231
29.52042629,4.172000337
29.52042629,4.001143443
29.52042629,2.121717605
29.52042629,1.950860711
30.02116141,8.956296853
30.02116141,5.197445178
30.02116141,5.026588284
30.02116141,4.85573139
30.02116141,4.684874496
30.02116141,4.514017601
30.02116141,4.343160707
30.02116141,4.172303813
30.02116141,4.001446918
30.02116141,2.122021081
30.02116141,1.951164187
30.52189654,8.785743435
30.52189654,8.61488654
30.52189654,8.444029646
30.52189654,7.931458963
30.52189654,7.760602069
30.52189654,5.710319337
30.52189654,5.539462443
30.52189654,5.368605549
30.52189654,5.197748654
30.52189654,5.02689176
30.52189654,2.122324557
30.52189654,1.951467663
31.02263166,10.32375896
31.02263166,10.15290206
31.02263166,9.982045171
31.02263166,9.127760699
31.02263166,8.786046911
31.02263166,8.615190016
31.02263166,8.444333122
31.02263166,8.273476228
31.02263166,8.102619333
31.02263166,7.931762439
31.02263166,7.760905545
31.02263166,7.59004865
31.02263166,7.419191756
31.02263166,7.248334862
31.02263166,7.077477967
31.02263166,6.906621073
31.02263166,6.735764179
31.02263166,5.710622813
31.02263166,5.539765919
31.02263166,5.368909024
31.02263166,5.19805213
31.02263166,5.027195236
31.02263166,2.122628033
31.02263166,1.951771138
31.52336679,11.17834691
31.52336679,11.00749001
31.52336679,10.83663312
31.52336679,10.66577622
31.52336679,10.49491933
31.52336679,10.32406244
31.52336679,10.15320554
31.52336679,9.982348646
31.52336679,9.811491752
31.52336679,9.640634858
31.52336679,9.469777964
31.52336679,9.298921069
31.52336679,9.128064175
31.52336679,8.957207281
31.52336679,8.786350386
31.52336679,8.615493492
31.52336679,8.444636598
31.52336679,8.273779703
31.52336679,8.102922809
31.52336679,7.932065915
31.52336679,7.761209021
31.52336679,7.590352126
31.52336679,7.419495232
31.52336679,7.248638338
31.52336679,7.077781443
31.52336679,6.906924549
31.52336679,6.736067655
31.52336679,6.56521076
31.52336679,6.394353866
31.52336679,6.223496972
31.52336679,6.052640078
31.52336679,5.881783183
31.52336679,5.710926289
31.52336679,5.540069395
31.52336679,2.122931509
31.52336679,1.952074614
32.02410191,11.17865038
32.02410191,11.00779349
32.02410191,10.83693659
32.02410191,10.6660797
32.02410191,10.49522281
32.02410191,10.32436591
32.02410191,10.15350902
32.02410191,9.982652122
32.02410191,9.811795228
32.02410191,9.640938334
32.02410191,9.470081439
32.02410191,9.299224545
32.02410191,9.128367651
32.02410191,8.957510756
32.02410191,8.786653862
32.02410191,8.615796968
32.02410191,8.444940074
32.02410191,8.274083179
32.02410191,8.103226285
32.02410191,7.761512496
32.02410191,7.590655602
32.02410191,7.419798708
32.02410191,7.248941813
32.02410191,7.078084919
32.02410191,6.907228025
32.02410191,2.123234984
32.02410191,1.95237809
32.52483704,9.299528021
32.52483704,9.128671127
32.52483704,8.786957338
32.52483704,8.616100444
32.52483704,8.445243549
32.52483704,8.274386655
32.52483704,8.103529761
32.52483704,7.932672866
32.52483704,7.761815972
32.52483704,7.590959078
32.52483704,7.420102184
32.52483704,7.249245289
32.52483704,7.078388395
32.52483704,6.907531501
32.52483704,6.736674606
32.52483704,6.565817712
32.52483704,6.394960818
32.52483704,6.224103923
32.52483704,6.053247029
32.52483704,5.882390135
32.52483704,5.711533241
32.52483704,5.540676346
32.52483704,5.369819452
32.52483704,5.198962558
32.52483704,5.028105663
32.52483704,4.857248769
32.52483704,2.12353846
32.52483704,1.952681566
33.02557217,8.103833237
33.02557217,7.932976342
33.02557217,7.762119448
33.02557217,7.591262554
33.02557217,7.420405659
33.02557217,7.249548765
33.02557217,7.078691871
33.02557217,6.907834977
33.02557217,6.736978082
33.02557217,6.566121188
33.02557217,6.395264294
33.02557217,6.224407399
33.02557217,6.053550505
33.02557217,5.882693611
33.02557217,5.711836716
33.02557217,5.540979822
33.02557217,5.370122928
33.02557217,5.199266033
33.02557217,5.028409139
33.02557217,4.857552245
33.02557217,4.686695351
33.02557217,2.636412619
33.02557217,2.465555725
33.02557217,2.29469883
33.02557217,2.123841936
33.02557217,1.952985042
33.52630729,7.59156603
33.52630729,7.249852241
33.52630729,7.078995347
33.52630729,6.908138452
33.52630729,6.737281558
33.52630729,6.566424664
33.52630729,6.395567769
33.52630729,5.199569509
33.52630729,5.028712615
33.52630729,4.857855721
33.52630729,4.686998826
33.52630729,4.516141932
33.52630729,2.636716095
33.52630729,2.465859201
33.52630729,2.295002306
33.52630729,2.124145412
33.52630729,1.953288518
34.02704242,8.617010871
34.02704242,8.446153977
34.02704242,8.275297083
34.02704242,8.104440188
34.02704242,7.933583294
34.02704242,7.079298822
34.02704242,6.908441928
34.02704242,6.737585034
34.02704242,6.56672814
34.02704242,6.395871245
34.02704242,5.541586774
34.02704242,5.370729879
34.02704242,5.199872985
34.02704242,5.029016091
34.02704242,4.858159197
34.02704242,4.687302302
34.02704242,4.516445408
34.02704242,2.637019571
34.02704242,2.466162676
34.52777754,8.446457453
34.52777754,8.275600558
34.52777754,8.104743664
34.52777754,7.93388677
34.52777754,7.763029876
34.52777754,7.592172981
34.52777754,7.079602298
34.52777754,6.908745404
34.52777754,6.73788851
34.52777754,6.567031615
34.52777754,6.396174721
34.52777754,6.225317827
34.52777754,6.054460933
34.52777754,5.371033355
34.52777754,5.200176461
34.52777754,5.029319567
34.52777754,4.858462672
34.52777754,4.687605778
34.52777754,2.466466152
34.52777754,2.295609258
35.02851267,8.275904034
35.02851267,8.10504714
35.02851267,7.934190246
35.02851267,7.763333351
35.02851267,7.250762668
35.02851267,7.079905774
35.02851267,6.90904888
35.02851267,6.738191986
35.02851267,6.567335091
35.02851267,6.396478197
35.02851267,6.225621303
35.02851267,5.371336831
35.02851267,5.200479937
35.02851267,5.029623043
35.02851267,4.858766148
35.02851267,2.466769628
35.02851267,2.295912734
35.02851267,2.125055839
35.02851267,1.954198945
35.52924779,7.421923039
35.52924779,7.251066144
35.52924779,7.08020925
35.52924779,6.909352356
35.52924779,6.738495461
35.52924779,5.542497201
35.52924779,5.371640307
35.52924779,5.200783413
35.52924779,5.029926518
35.52924779,4.859069624
35.52924779,4.68821273
35.52924779,2.467073104
35.52924779,2.29621621
35.52924779,2.125359315
35.52924779,1.954502421
36.02998292,7.25136962
36.02998292,7.080512726
36.02998292,6.909655832
36.02998292,5.030229994
36.02998292,4.8593731
36.02998292,4.688516206
36.02998292,2.46737658
36.02998292,2.296519685
36.02998292,2.125662791
36.02998292,1.954805897
36.53071804,7.764243779
36.53071804,7.593386885
36.53071804,7.42252999
36.53071804,7.251673096
36.53071804,7.080816202
36.53071804,6.909959307
36.53071804,6.739102413
36.53071804,6.568245519
36.53071804,6.397388624
36.53071804,6.22653173
36.53071804,6.055674836
36.53071804,5.884817942
36.53071804,5.713961047
36.53071804,5.543104153
36.53071804,5.372247259
36.53071804,5.201390364
36.53071804,5.03053347
36.53071804,4.859676576
36.53071804,4.688819681
36.53071804,2.467680056
36.53071804,2.296823161
36.53071804,2.125966267
36.53071804,1.955109373
37.03145317,8.789688621
37.03145317,8.618831726
37.03145317,7.935404149
37.03145317,7.764547255
37.03145317,7.59369036
37.03145317,7.422833466
37.03145317,7.251976572
37.03145317,7.081119677
37.03145317,6.910262783
37.03145317,6.739405889
37.03145317,6.568548995
37.03145317,6.3976921
37.03145317,6.226835206
37.03145317,6.055978312
37.03145317,5.885121417
37.03145317,5.714264523
37.03145317,5.543407629
37.03145317,5.372550734
37.03145317,5.20169384
37.03145317,5.030836946
37.03145317,4.859980052
37.03145317,4.689123157
37.03145317,2.467983531
37.03145317,2.297126637
37.03145317,2.126269743
37.03145317,1.955412848
37.53218829,12.71970067
37.53218829,12.54884377
37.53218829,12.37798688
37.53218829,12.20712998
37.53218829,12.03627309
37.53218829,11.86541619
37.53218829,11.6945593
37.53218829,11.52370241
37.53218829,11.35284551
37.53218829,11.18198862
37.53218829,11.01113172
37.53218829,10.84027483
37.53218829,10.66941793
37.53218829,10.49856104
37.53218829,10.32770415
37.53218829,10.15684725
37.53218829,9.985990356
37.53218829,9.815133462
37.53218829,9.644276568
37.53218829,9.473419674
37.53218829,9.302562779
37.53218829,9.131705885
37.53218829,8.960848991
37.53218829,8.789992096
37.53218829,8.619135202
37.53218829,8.448278308
37.53218829,8.277421413
37.53218829,8.106564519
37.53218829,7.935707625
37.53218829,7.764850731
37.53218829,7.593993836
37.53218829,7.423136942
37.53218829,4.689426633
37.53218829,2.126573219
37.53218829,1.955716324
38.03292342,14.0868593
38.03292342,13.9160024
38.03292342,13.74514551
38.03292342,13.40343172
38.03292342,13.23257482
38.03292342,13.06171793
38.03292342,12.89086104
38.03292342,12.72000414
38.03292342,12.54914725
38.03292342,12.37829035
38.03292342,12.20743346
38.03292342,12.03657656
38.03292342,11.86571967
38.03292342,11.69486278
38.03292342,11.52400588
38.03292342,11.35314899
38.03292342,11.18229209
38.03292342,11.0114352
38.03292342,10.8405783
38.03292342,10.66972141
38.03292342,10.49886452
38.03292342,10.32800762
38.03292342,10.15715073
38.03292342,9.986293832
38.03292342,9.815436938
38.03292342,9.644580044
38.03292342,9.473723149
38.03292342,9.302866255
38.03292342,9.132009361
38.03292342,8.961152466
38.03292342,8.790295572
38.03292342,8.619438678
38.03292342,8.448581784
38.03292342,8.277724889
38.03292342,8.106867995
38.03292342,7.936011101
38.03292342,7.765154206
38.03292342,4.860587003
38.03292342,4.689730109
38.03292342,2.126876694
38.03292342,1.9560198
38.03292342,1.785162906
38.03292342,1.614306011
38.53365854,14.25801967
38.53365854,14.08716277
38.53365854,13.91630588
38.53365854,13.74544898
38.53365854,13.57459209
38.53365854,13.40373519
38.53365854,13.2328783
38.53365854,13.06202141
38.53365854,12.89116451
38.53365854,12.72030762
38.53365854,12.54945072
38.53365854,12.37859383
38.53365854,12.20773693
38.53365854,12.03688004
38.53365854,11.86602315
38.53365854,11.69516625
38.53365854,11.52430936
38.53365854,11.35345246
38.53365854,11.18259557
38.53365854,11.01173867
38.53365854,10.84088178
38.53365854,10.67002489
38.53365854,10.49916799
38.53365854,10.3283111
38.53365854,10.1574542
38.53365854,9.986597308
38.53365854,9.815740414
38.53365854,9.64488352
38.53365854,9.474026625
38.53365854,9.303169731
38.53365854,9.132312837
38.53365854,8.961455942
38.53365854,8.790599048
38.53365854,8.619742154
38.53365854,8.448885259
38.53365854,8.278028365
38.53365854,8.107171471
38.53365854,7.936314576
38.53365854,7.765457682
38.53365854,7.594600788
38.53365854,7.423743894
38.53365854,7.252886999
38.53365854,7.082030105
38.53365854,6.911173211
38.53365854,6.740316316
38.53365854,6.569459422
38.53365854,6.398602528
38.53365854,6.227745633
38.53365854,6.056888739
38.53365854,5.886031845
38.53365854,5.715174951
38.53365854,5.544318056
38.53365854,5.373461162
38.53365854,5.202604268
38.53365854,5.031747373
38.53365854,4.860890479
38.53365854,4.690033585
38.53365854,4.51917669
38.53365854,1.956323276
38.53365854,1.785466382
38.53365854,1.614609487
38.53365854,1.443752593
39.03439367,13.57489556
39.03439367,13.40403867
39.03439367,13.06232488
39.03439367,12.89146799
39.03439367,12.72061109
39.03439367,12.5497542
39.03439367,12.3788973
39.03439367,8.278331841
39.03439367,8.107474947
39.03439367,7.936618052
39.03439367,7.765761158
39.03439367,6.911476687
39.03439367,6.740619792
39.03439367,6.569762898
39.03439367,6.398906004
39.03439367,6.228049109
39.03439367,6.057192215
39.03439367,5.886335321
39.03439367,5.715478426
39.03439367,5.544621532
39.03439367,5.373764638
39.03439367,5.202907744
39.03439367,5.032050849
39.03439367,4.861193955
39.03439367,4.690337061
39.03439367,4.519480166
39.03439367,4.348623272
39.03439367,1.956626752
39.03439367,1.785769857
39.03439367,1.614912963
39.03439367,1.444056069
39.5351288,12.89177146
39.5351288,12.72091457
39.5351288,12.55005767
39.5351288,12.37920078
39.5351288,11.8666301
39.5351288,11.6957732
39.5351288,11.52491631
39.5351288,4.519783642
39.5351288,4.348926748
39.5351288,4.178069854
39.5351288,4.007212959
39.5351288,3.836356065
39.5351288,3.665499171
39.5351288,3.494642276
39.5351288,3.323785382
39.5351288,3.152928488
39.5351288,2.127787122
39.5351288,1.956930228
39.5351288,1.786073333
39.5351288,1.615216439
39.5351288,1.444359545
40.03586392,12.72121804
40.03586392,12.55036115
40.03586392,12.37950426
40.03586392,11.86693357
40.03586392,11.69607668
40.03586392,11.52521978
40.03586392,11.183506
40.03586392,11.0126491
40.03586392,10.84179221
40.03586392,10.67093531
40.03586392,10.32922152
40.03586392,10.15836463
40.03586392,9.987507736
40.03586392,9.816650841
40.03586392,9.474937053
40.03586392,9.304080158
40.03586392,9.133223264
40.03586392,8.96236637
40.03586392,8.620652581
40.03586392,8.449795687
40.03586392,8.278938793
40.03586392,8.108081898
40.03586392,7.082940532
40.03586392,6.912083638
40.03586392,5.545228484
40.03586392,5.374371589
40.03586392,5.203514695
40.03586392,3.153231964
40.03586392,2.982375069
40.03586392,2.128090598
40.03586392,1.957233703
40.53659905,8.450099163
40.53659905,8.279242268
40.53659905,7.083244008
40.53659905,6.912387114
40.53659905,5.716388854
40.53659905,5.54553196
40.53659905,5.374675065
40.53659905,5.203818171
40.53659905,3.153535439
40.53659905,2.128394074
40.53659905,1.957537179
40.53659905,1.786680285
40.53659905,1.615823391
40.53659905,1.444966496
41.03733417,8.10868885
41.03733417,7.937831956
41.03733417,6.91269059
41.03733417,6.741833696
41.03733417,5.545835435
41.03733417,4.862407858
41.03733417,4.691550964
41.03733417,4.52069407
41.03733417,4.349837175
41.03733417,3.32469581
41.03733417,3.153838915
41.03733417,2.982982021
41.03733417,2.812125127
41.03733417,2.641268232
41.03733417,2.128697549
41.03733417,1.957840655
41.03733417,1.786983761
41.03733417,1.616126866
41.03733417,1.445269972
41.5380693,8.108992326
41.5380693,7.938135431
41.5380693,6.912994066
41.5380693,6.742137171
41.5380693,6.571280277
41.5380693,4.69185444
41.5380693,4.520997545
41.5380693,4.350140651
41.5380693,3.154142391
41.5380693,2.983285497
41.5380693,2.812428602
41.5380693,2.641571708
41.5380693,1.958144131
41.5380693,1.787287237
41.5380693,1.616430342
41.5380693,1.445573448
42.03880442,8.109295802
42.03880442,7.938438907
42.03880442,7.25501133
42.03880442,7.084154436
42.03880442,6.913297542
42.03880442,6.742440647
42.03880442,4.350444127
42.03880442,2.641875184
42.03880442,2.129304501
42.03880442,1.958447607
42.03880442,1.787590712
42.03880442,1.616733818
42.53953955,7.938742383
42.53953955,7.084457912
42.53953955,5.03417518
42.53953955,4.863318286
42.53953955,4.692461391
42.53953955,4.521604497
42.53953955,4.350747603
42.53953955,4.179890709
42.53953955,4.009033814
42.53953955,3.83817692
42.53953955,3.667320026
42.53953955,3.496463131
42.53953955,3.325606237
42.53953955,3.154749343
42.53953955,2.983892448
42.53953955,2.813035554
42.53953955,2.64217866
42.53953955,2.471321766
42.53953955,1.958751083
42.53953955,1.787894188
42.53953955,1.617037294
42.53953955,1.4461804
43.04027467,7.084761387
43.04027467,5.20533555
43.04027467,5.034478656
43.04027467,4.863621762
43.04027467,4.692764867
43.04027467,4.521907973
43.04027467,4.351051079
43.04027467,4.180194184
43.04027467,4.00933729
43.04027467,3.838480396
43.04027467,3.667623501
43.04027467,3.496766607
43.04027467,3.325909713
43.04027467,3.155052819
43.04027467,2.984195924
43.04027467,2.81333903
43.04027467,2.642482136
43.04027467,1.61734077
43.04027467,1.446483876
43.5410098,8.281063123
43.5410098,8.110206229
43.5410098,7.255921758
43.5410098,7.085064863
43.5410098,6.743351075
43.5410098,6.57249418
43.5410098,6.401637286
43.5410098,6.230780392
43.5410098,6.059923498
43.5410098,5.889066603
43.5410098,5.718209709
43.5410098,5.547352815
43.5410098,5.37649592
43.5410098,5.205639026
43.5410098,5.034782132
43.5410098,4.18049766
43.5410098,4.009640766
43.5410098,1.446787351
43.5410098,1.275930457
44.04174492,8.964794176
44.04174492,8.793937282
44.04174492,8.281366599
44.04174492,8.110509705
44.04174492,7.427082128
44.04174492,7.256225233
44.04174492,7.085368339
44.04174492,6.914511445
44.04174492,6.743654551
44.04174492,6.572797656
44.04174492,6.401940762
44.04174492,6.231083868
44.04174492,6.060226973
44.04174492,5.889370079
44.04174492,5.718513185
44.04174492,5.54765629
44.04174492,5.376799396
44.04174492,5.205942502
44.04174492,5.035085608
44.04174492,4.180801136
44.04174492,4.009944242
44.04174492,1.447090827
44.04174492,1.276233933
44.04174492,1.105377039
44.04174492,0.934520144
44.54248005,9.135954547
44.54248005,8.965097652
44.54248005,8.794240758
44.54248005,8.281670075
44.54248005,7.256528709
44.54248005,7.085671815
44.54248005,6.914814921
44.54248005,6.743958026
44.54248005,6.573101132
44.54248005,6.402244238
44.54248005,6.231387343
44.54248005,6.060530449
44.54248005,5.889673555
44.54248005,5.718816661
44.54248005,5.547959766
44.54248005,5.377102872
44.54248005,5.206245978
44.54248005,5.035389083
44.54248005,4.864532189
44.54248005,4.693675295
44.54248005,4.5228184
44.54248005,4.351961506
44.54248005,4.181104612
44.54248005,4.010247718
44.54248005,3.839390823
44.54248005,3.668533929
44.54248005,3.497677035
44.54248005,3.32682014
44.54248005,3.155963246
44.54248005,2.985106352
44.54248005,2.814249457
44.54248005,1.276537409
44.54248005,1.105680514
44.54248005,0.93482362
45.04321518,8.965401128
45.04321518,8.62368734
45.04321518,8.452830445
45.04321518,8.281973551
45.04321518,6.573404608
45.04321518,6.402547714
45.04321518,4.181408088
45.04321518,4.010551193
45.04321518,3.839694299
45.04321518,3.668837405
45.04321518,3.49798051
45.04321518,3.327123616
45.04321518,3.156266722
45.04321518,2.985409828
45.04321518,2.814552933
45.04321518,2.643696039
45.04321518,1.10598399
45.04321518,0.935127096
45.5439503,8.282277027
45.5439503,7.940563238
45.5439503,3.498283986
45.5439503,3.327427092
45.5439503,3.156570198
45.5439503,2.985713303
45.5439503,2.814856409
45.5439503,2.473142621
45.5439503,2.302285726
45.5439503,2.131428832
45.5439503,1.960571938
45.5439503,1.789715043
45.5439503,1.618858149
45.5439503,1.448001255
45.5439503,1.27714436
45.5439503,1.106287466
45.5439503,0.935430572
46.04468543,8.111723608
46.04468543,7.940866714
46.04468543,7.77000982
46.04468543,7.599152925
46.04468543,7.428296031
46.04468543,7.257439137
46.04468543,6.403154665
46.04468543,6.232297771
46.04468543,6.061440877
46.04468543,5.890583982
46.04468543,5.719727088
46.04468543,5.036299511
46.04468543,4.865442617
46.04468543,4.694585722
46.04468543,4.523728828
46.04468543,4.352871934
46.04468543,4.182015039
46.04468543,4.011158145
46.04468543,3.840301251
46.04468543,3.669444356
46.04468543,3.498587462
46.04468543,2.644302991
46.04468543,2.473446096
46.04468543,2.302589202
46.04468543,2.131732308
46.04468543,1.960875413
46.04468543,1.790018519
46.04468543,1.619161625
46.04468543,1.448304731
46.04468543,1.277447836
46.04468543,1.106590942
46.04468543,0.935734048
46.54542055,7.94117019
46.54542055,7.770313296
46.54542055,7.599456401
46.54542055,7.428599507
46.54542055,6.916028824
46.54542055,6.74517193
46.54542055,6.574315035
46.54542055,6.403458141
46.54542055,6.232601247
46.54542055,6.061744353
46.54542055,5.890887458
46.54542055,5.378316775
46.54542055,5.207459881
46.54542055,5.036602987
46.54542055,4.865746092
46.54542055,4.694889198
46.54542055,4.524032304
46.54542055,4.353175409
46.54542055,4.182318515
46.54542055,4.011461621
46.54542055,3.840604727
46.54542055,3.669747832
46.54542055,3.498890938
46.54542055,2.644606466
46.54542055,2.473749572
46.54542055,2.302892678
46.54542055,2.132035784
46.54542055,1.961178889
47.04615568,7.941473666
47.04615568,7.770616771
47.04615568,6.745475406
47.04615568,6.574618511
47.04615568,6.403761617
47.04615568,6.232904723
47.04615568,5.207763357
47.04615568,5.036906463
47.04615568,4.866049568
47.04615568,4.695192674
47.04615568,2.474053048
47.04615568,2.303196154
47.04615568,2.132339259
47.04615568,1.961482365
47.5468908,8.112634036
47.5468908,7.941777142
47.5468908,7.770920247
47.5468908,7.600063353
47.5468908,7.429206459
47.5468908,7.258349564
47.5468908,7.08749267
47.5468908,5.208066833
47.5468908,5.037209938
47.5468908,2.474356524
47.5468908,2.30349963
47.5468908,2.132642735
47.5468908,1.961785841
48.04762593,7.942080617
48.04762593,7.600366829
48.04762593,7.429509934
48.04762593,7.25865304
48.04762593,7.087796146
48.04762593,5.208370309
48.04762593,5.037513414
48.04762593,2.47466
48.04762593,2.303803105
48.54836105,7.600670305
48.54836105,7.42981341
48.54836105,7.258956516
48.54836105,7.088099622
48.54836105,6.23381515
48.54836105,6.062958256
48.54836105,5.892101362
48.54836105,5.721244467
48.54836105,5.550387573
48.54836105,5.379530679
48.54836105,5.208673784
48.54836105,5.03781689
48.54836105,4.525246207
48.54836105,2.474963476
48.54836105,2.304106581
49.04909618,8.113544463
49.04909618,7.942687569
49.04909618,7.771830675
49.04909618,7.60097378
49.04909618,7.430116886
49.04909618,7.259259992
49.04909618,7.088403097
49.04909618,6.234118626
49.04909618,6.063261732
49.04909618,5.892404837
49.04909618,5.721547943
49.04909618,5.550691049
49.04909618,5.379834154
49.04909618,5.20897726
49.04909618,4.525549683
49.04909618,4.354692789
49.04909618,2.304410057
49.04909618,2.133553163
49.04909618,1.962696268
49.5498313,11.70184272
49.5498313,11.53098583
49.5498313,11.36012893
49.5498313,11.18927204
49.5498313,11.01841514
49.5498313,10.84755825
49.5498313,10.67670135
49.5498313,10.50584446
49.5498313,10.33498757
49.5498313,10.16413067
49.5498313,9.993273776
49.5498313,9.822416882
49.5498313,9.651559988
49.5498313,9.480703094
49.5498313,9.309846199
49.5498313,9.138989305
49.5498313,8.968132411
49.5498313,8.797275516
49.5498313,8.626418622
49.5498313,8.455561728
49.5498313,8.284704833
49.5498313,8.113847939
49.5498313,7.942991045
49.5498313,7.772134151
49.5498313,7.601277256
49.5498313,7.430420362
49.5498313,7.259563468
49.5498313,7.088706573
49.5498313,6.917849679
49.5498313,6.746992785
49.5498313,6.57613589
49.5498313,6.405278996
49.5498313,6.234422102
49.5498313,4.525853159
49.5498313,4.354996264
49.5498313,2.133856639
49.5498313,1.962999744
50.05056643,11.7021462
50.05056643,11.5312893
50.05056643,11.36043241
50.05056643,11.18957551
50.05056643,11.01871862
50.05056643,10.84786172
50.05056643,10.67700483
50.05056643,10.50614794
50.05056643,10.33529104
50.05056643,10.16443415
50.05056643,9.993577252
50.05056643,9.822720358
50.05056643,9.651863464
50.05056643,9.481006569
50.05056643,9.310149675
50.05056643,9.139292781
50.05056643,8.968435886
50.05056643,8.797578992
50.05056643,8.626722098
50.05056643,8.455865204
50.05056643,8.285008309
50.05056643,8.114151415
50.05056643,7.772437626
50.05056643,7.601580732
50.05056643,7.430723838
50.05056643,7.259866943
50.05056643,4.526156635
50.05056643,4.35529974
50.05056643,2.134160114
50.05056643,1.96330322
50.55130155,11.70244967
50.55130155,11.53159278
50.55130155,11.36073588
50.55130155,11.18987899
50.55130155,11.01902209
50.55130155,10.8481652
50.55130155,10.67730831
50.55130155,10.50645141
50.55130155,10.33559452
50.55130155,10.16473762
50.55130155,9.993880728
50.55130155,9.823023834
50.55130155,9.65216694
50.55130155,9.481310045
50.55130155,9.310453151
50.55130155,9.139596257
50.55130155,8.968739362
50.55130155,8.797882468
50.55130155,8.627025574
50.55130155,8.456168679
50.55130155,8.285311785
50.55130155,8.114454891
50.55130155,7.943597997
50.55130155,7.772741102
50.55130155,7.601884208
50.55130155,7.431027314
50.55130155,7.260170419
50.55130155,7.089313525
50.55130155,6.918456631
50.55130155,6.747599736
50.55130155,6.576742842
50.55130155,6.405885948
50.55130155,6.235029053
50.55130155,6.064172159
50.55130155,5.893315265
50.55130155,5.722458371
50.55130155,5.551601476
50.55130155,5.380744582
50.55130155,5.209887688
50.55130155,4.697317005
50.55130155,4.52646011
50.55130155,4.355603216
50.55130155,2.13446359
50.55130155,1.963606696
51.05203668,11.70275315
51.05203668,11.53189625
51.05203668,11.36103936
51.05203668,11.01932557
51.05203668,10.84846868
51.05203668,10.67761178
51.05203668,10.50675489
51.05203668,10.1650411
51.05203668,9.994184204
51.05203668,9.82332731
51.05203668,9.652470415
51.05203668,9.310756627
51.05203668,9.139899732
51.05203668,8.969042838
51.05203668,8.798185944
51.05203668,8.456472155
51.05203668,8.285615261
51.05203668,8.114758367
51.05203668,7.943901472
51.05203668,6.577046318
51.05203668,6.406189424
51.05203668,6.235332529
51.05203668,6.064475635
51.05203668,5.893618741
51.05203668,5.722761846
51.05203668,5.551904952
51.05203668,5.381048058
51.05203668,5.210191164
51.05203668,5.039334269
51.05203668,4.868477375
51.05203668,4.697620481
51.05203668,4.526763586
51.05203668,4.355906692
51.05203668,2.134767066
51.05203668,1.963910172
51.55277181,8.456775631
51.55277181,8.285918737
51.55277181,8.115061842
51.55277181,7.944204948
51.55277181,7.773348054
51.55277181,7.60249116
51.55277181,6.235636005
51.55277181,6.064779111
51.55277181,5.893922217
51.55277181,5.723065322
51.55277181,5.552208428
51.55277181,5.381351534
51.55277181,5.210494639
51.55277181,5.039637745
51.55277181,4.868780851
51.55277181,4.697923956
51.55277181,4.527067062
51.55277181,4.356210168
51.55277181,4.185353274
51.55277181,2.989355013
51.55277181,2.818498119
51.55277181,2.647641225
51.55277181,2.476784331
51.55277181,2.305927436
51.55277181,2.135070542
51.55277181,1.964213648
52.05350693,8.286222213
52.05350693,8.115365318
52.05350693,7.944508424
52.05350693,7.77365153
52.05350693,7.602794635
52.05350693,6.235939481
52.05350693,6.065082587
52.05350693,5.894225692
52.05350693,5.723368798
52.05350693,5.210798115
52.05350693,5.039941221
52.05350693,4.869084327
52.05350693,4.698227432
52.05350693,4.527370538
52.05350693,4.356513644
52.05350693,4.185656749
52.05350693,2.989658489
52.05350693,2.818801595
52.05350693,2.647944701
52.05350693,2.477087806
52.05350693,2.306230912
52.05350693,2.135374018
52.55424206,8.115668794
52.55424206,7.9448119
52.55424206,7.773955006
52.55424206,7.603098111
52.55424206,7.432241217
52.55424206,6.407099851
52.55424206,6.236242957
52.55424206,6.065386063
52.55424206,5.894529168
52.55424206,5.723672274
52.55424206,5.381958485
52.55424206,5.211101591
52.55424206,5.040244697
52.55424206,4.869387802
52.55424206,4.698530908
52.55424206,4.527674014
52.55424206,4.356817119
52.55424206,4.185960225
52.55424206,2.989961965
52.55424206,2.819105071
52.55424206,2.648248176
52.55424206,2.477391282
52.55424206,2.306534388
52.55424206,2.135677494
52.55424206,1.964820599
53.05497718,7.945115376
53.05497718,7.774258481
53.05497718,7.603401587
53.05497718,7.432544693
53.05497718,5.382261961
53.05497718,5.211405067
53.05497718,5.040548173
53.05497718,4.869691278
53.05497718,4.698834384
53.05497718,4.52797749
53.05497718,4.357120595
53.05497718,4.186263701
53.05497718,2.477694758
53.05497718,2.306837864
53.05497718,2.135980969
53.05497718,1.965124075
53.55571231,7.603705063
53.55571231,7.432848169
53.55571231,5.211708543
53.55571231,5.040851648
53.55571231,4.869994754
53.55571231,4.69913786
53.55571231,4.528280965
53.55571231,4.357424071
53.55571231,4.186567177
53.55571231,2.477998234
53.55571231,2.30714134
53.55571231,2.136284445
53.55571231,1.965427551
54.05644743,7.604008539
54.05644743,7.433151644
54.05644743,5.041155124
54.05644743,4.87029823
54.05644743,4.699441336
54.05644743,4.528584441
54.05644743,4.357727547
54.05644743,4.186870653
54.05644743,2.47830171
54.05644743,2.307444815
54.05644743,2.136587921
54.05644743,1.965731027
54.05644743,1.794874132
54.55718256,8.116882697
54.55718256,7.946025803
54.55718256,7.604312015
54.55718256,7.262598226
54.55718256,7.091741332
54.55718256,6.920884437
54.55718256,6.750027543
54.55718256,6.579170649
54.55718256,6.408313754
54.55718256,6.23745686
54.55718256,6.066599966
54.55718256,5.895743072
54.55718256,5.724886177
54.55718256,5.554029283
54.55718256,5.383172389
54.55718256,5.212315494
54.55718256,5.0414586
54.55718256,4.870601706
54.55718256,4.699744811
54.55718256,2.307748291
54.55718256,2.136891397
54.55718256,1.966034503
54.55718256,1.795177608
55.05791768,10.3383258
55.05791768,10.1674689
55.05791768,9.996612011
55.05791768,9.825755116
55.05791768,9.654898222
55.05791768,9.484041328
55.05791768,9.313184433
55.05791768,9.142327539
55.05791768,8.971470645
55.05791768,8.800613751
55.05791768,8.117186173
55.05791768,7.946329279
55.05791768,7.262901702
55.05791768,7.092044807
55.05791768,6.921187913
55.05791768,6.750331019
55.05791768,6.579474125
55.05791768,6.40861723
55.05791768,6.237760336
55.05791768,6.066903442
55.05791768,5.896046547
55.05791768,5.725189653
55.05791768,5.554332759
55.05791768,5.383475864
55.05791768,5.21261897
55.05791768,5.041762076
55.05791768,4.870905182
55.05791768,4.700048287
55.05791768,1.966337978
55.05791768,1.795481084
55.55865281,12.5597689
55.55865281,12.38891201
55.55865281,12.21805511
55.55865281,12.04719822
55.55865281,11.87634132
55.55865281,11.70548443
55.55865281,11.53462754
55.55865281,11.36377064
55.55865281,11.19291375
55.55865281,11.02205685
55.55865281,10.85119996
55.55865281,10.68034306
55.55865281,10.50948617
55.55865281,10.33862928
55.55865281,10.16777238
55.55865281,9.996915486
55.55865281,9.826058592
55.55865281,9.655201698
55.55865281,9.484344804
55.55865281,9.313487909
55.55865281,9.142631015
55.55865281,8.971774121
55.55865281,8.800917226
55.55865281,8.630060332
55.55865281,8.459203438
55.55865281,8.288346543
55.55865281,8.117489649
55.55865281,7.946632755
55.55865281,7.775775861
55.55865281,7.604918966
55.55865281,7.434062072
55.55865281,7.263205178
55.55865281,1.966641454
55.55865281,1.79578456
55.55865281,1.624927666
56.05938793,12.56007238
56.05938793,12.38921548
56.05938793,12.21835859
56.05938793,12.04750169
56.05938793,11.8766448
56.05938793,11.70578791
56.05938793,11.53493101
56.05938793,11.36407412
56.05938793,11.19321722
56.05938793,11.02236033
56.05938793,10.85150343
56.05938793,10.68064654
56.05938793,10.50978965
56.05938793,10.33893275
56.05938793,10.16807586
56.05938793,9.997218962
56.05938793,9.826362068
56.05938793,9.655505174
56.05938793,9.484648279
56.05938793,9.313791385
56.05938793,9.142934491
56.05938793,8.972077596
56.05938793,8.801220702
56.05938793,8.630363808
56.05938793,8.459506914
56.05938793,8.288650019
56.05938793,8.117793125
56.05938793,7.946936231
56.05938793,7.776079336
56.05938793,7.605222442
56.05938793,7.434365548
56.05938793,7.263508653
56.05938793,1.796088036
56.05938793,1.625231142
56.05938793,1.454374247
56.56012306,11.36437759
56.56012306,11.1935207
56.56012306,11.0226638
56.56012306,10.85180691
56.56012306,10.68095002
56.56012306,10.51009312
56.56012306,10.33923623
56.56012306,10.16837933
56.56012306,9.997522438
56.56012306,9.826665544
56.56012306,9.65580865
56.56012306,9.484951755
56.56012306,9.314094861
56.56012306,9.143237967
56.56012306,8.972381072
56.56012306,8.801524178
56.56012306,8.630667284
56.56012306,8.459810389
56.56012306,8.288953495
56.56012306,8.118096601
56.56012306,7.947239707
56.56012306,7.776382812
56.56012306,7.605525918
56.56012306,7.434669024
56.56012306,7.263812129
56.56012306,7.092955235
56.56012306,6.922098341
56.56012306,6.751241446
56.56012306,6.580384552
56.56012306,6.409527658
56.56012306,6.238670763
56.56012306,6.067813869
56.56012306,5.896956975
56.56012306,5.726100081
56.56012306,5.555243186
56.56012306,5.384386292
56.56012306,5.213529398
56.56012306,1.796391512
56.56012306,1.625534617
56.56012306,1.454677723
57.06085818,10.68125349
57.06085818,10.5103966
57.06085818,10.3395397
57.06085818,9.82696902
57.06085818,9.656112125
57.06085818,9.485255231
57.06085818,9.314398337
57.06085818,8.972684548
57.06085818,8.801827654
57.06085818,8.63097076
57.06085818,8.460113865
57.06085818,8.118400077
57.06085818,7.947543182
57.06085818,6.751544922
57.06085818,6.580688028
57.06085818,6.409831134
57.06085818,6.238974239
57.06085818,6.068117345
57.06085818,5.897260451
57.06085818,5.726403556
57.06085818,5.555546662
57.06085818,5.384689768
57.06085818,5.213832874
57.06085818,5.042975979
57.06085818,4.872119085
57.06085818,4.701262191
57.06085818,2.138408776
57.06085818,1.967551882
57.06085818,1.796694987
57.06085818,1.625838093
57.56159331,8.118703552
57.56159331,7.947846658
57.56159331,5.214136349
57.56159331,5.043279455
57.56159331,4.872422561
57.56159331,4.701565666
57.56159331,4.530708772
57.56159331,3.505567406
57.56159331,3.334710512
57.56159331,3.163853618
57.56159331,2.992996723
57.56159331,2.822139829
57.56159331,2.651282935
57.56159331,2.480426041
57.56159331,2.309569146
57.56159331,2.138712252
57.56159331,1.967855358
57.56159331,1.796998463
58.06232844,8.9732915
58.06232844,8.802434606
58.06232844,8.631577711
58.06232844,8.460720817
58.06232844,8.289863923
58.06232844,7.948150134
58.06232844,7.435579451
58.06232844,7.264722557
58.06232844,7.093865662
58.06232844,6.923008768
58.06232844,5.897867402
58.06232844,5.727010508
58.06232844,5.556153614
58.06232844,5.385296719
58.06232844,4.701869142
58.06232844,4.531012248
58.06232844,4.360155354
58.06232844,3.505870882
58.06232844,3.335013988
58.06232844,3.164157094
58.06232844,2.993300199
58.06232844,2.822443305
58.06232844,2.651586411
58.06232844,2.480729516
58.56306356,9.486165659
58.56306356,9.315308764
58.56306356,9.14445187
58.56306356,8.973594976
58.56306356,8.802738081
58.56306356,8.631881187
58.56306356,8.461024293
58.56306356,8.290167398
58.56306356,7.94845361
58.56306356,7.777596716
58.56306356,7.606739821
58.56306356,7.435882927
58.56306356,7.265026033
58.56306356,7.094169138
58.56306356,6.923312244
58.56306356,6.75245535
58.56306356,5.898170878
58.56306356,5.727313984
58.56306356,5.55645709
58.56306356,5.385600195
58.56306356,5.214743301
58.56306356,4.702172618
58.56306356,4.531315724
58.56306356,4.36045883
58.56306356,3.506174358
58.56306356,3.335317464
58.56306356,3.164460569
58.56306356,2.993603675
58.56306356,2.822746781
58.56306356,2.651889886
58.56306356,2.481032992
59.06379869,9.486469134
59.06379869,9.31561224
59.06379869,9.144755346
59.06379869,8.973898451
59.06379869,8.11961398
59.06379869,7.948757086
59.06379869,7.777900191
59.06379869,7.607043297
59.06379869,7.436186403
59.06379869,6.581901931
59.06379869,6.411045037
59.06379869,6.240188143
59.06379869,6.069331248
59.06379869,5.898474354
59.06379869,5.044189883
59.06379869,4.873332988
59.06379869,4.702476094
59.06379869,4.5316192
59.06379869,4.360762305
59.06379869,2.481336468
59.06379869,2.310479574
59.06379869,2.139622679
59.56453381,7.949060562
59.56453381,7.778203667
59.56453381,7.607346773
59.56453381,7.436489879
59.56453381,6.069634724
59.56453381,4.873636464
59.56453381,4.70277957
59.56453381,4.531922675
59.56453381,4.361065781
59.56453381,4.190208887
59.56453381,4.019351993
59.56453381,3.848495098
59.56453381,2.481639944
59.56453381,2.31078305
59.56453381,2.139926155
60.06526894,7.949364037
60.06526894,7.778507143
60.06526894,4.87393994
60.06526894,4.703083046
60.06526894,4.532226151
60.06526894,4.361369257
60.06526894,4.190512363
60.06526894,4.019655468
60.06526894,3.848798574
60.06526894,3.67794168
60.06526894,2.48194342
60.06526894,2.311086525
60.06526894,2.140229631
60.56600406,8.120524407
60.56600406,7.949667513
60.56600406,7.607953725
60.56600406,5.899384782
60.56600406,5.728527887
60.56600406,5.557670993
60.56600406,5.386814099
60.56600406,5.215957204
60.56600406,5.04510031
60.56600406,4.874243416
60.56600406,4.703386521
60.56600406,4.532529627
60.56600406,4.361672733
60.56600406,4.190815839
60.56600406,4.019958944
60.56600406,3.84910205
60.56600406,3.678245156
60.56600406,2.482246896
60.56600406,2.311390001
61.06673919,10.34196751
61.06673919,10.17111061
61.06673919,10.00025372
61.06673919,9.829396826
61.06673919,8.975112355
61.06673919,8.120827883
61.06673919,7.949970989
61.06673919,7.779114095
61.06673919,7.6082572
61.06673919,7.437400306
61.06673919,6.070545152
61.06673919,5.899688257
61.06673919,5.728831363
61.06673919,5.557974469
61.06673919,5.387117574
61.06673919,5.21626068
61.06673919,5.045403786
61.06673919,4.874546892
61.06673919,4.703689997
61.06673919,4.532833103
61.06673919,4.361976209
61.06673919,4.191119314
61.06673919,4.02026242
61.06673919,3.849405526
61.06673919,3.678548631
61.06673919,2.482550371
61.06673919,2.311693477
61.56747431,11.36741235
61.56747431,11.19655546
61.56747431,11.02569856
61.56747431,10.85484167
61.56747431,10.68398477
61.56747431,10.51312788
61.56747431,10.34227099
61.56747431,10.17141409
61.56747431,10.0005572
61.56747431,9.829700302
61.56747431,9.658843408
61.56747431,9.487986514
61.56747431,9.317129619
61.56747431,9.146272725
61.56747431,8.975415831
61.56747431,8.804558936
61.56747431,8.633702042
61.56747431,8.462845148
61.56747431,8.291988253
61.56747431,8.121131359
61.56747431,7.950274465
61.56747431,7.779417571
61.56747431,7.608560676
61.56747431,7.437703782
61.56747431,7.266846888
61.56747431,7.095989993
61.56747431,6.925133099
61.56747431,6.754276205
61.56747431,6.58341931
61.56747431,6.412562416
61.56747431,6.241705522
61.56747431,6.070848628
61.56747431,5.899991733
61.56747431,2.311996953
61.56747431,2.141140059
61.56747431,1.970283164
62.06820944,11.36771583
62.06820944,11.19685893
62.06820944,11.02600204
62.06820944,10.85514514
62.06820944,10.68428825
62.06820944,10.51343136
62.06820944,10.34257446
62.06820944,10.17171757
62.06820944,10.00086067
62.06820944,9.830003778
62.06820944,9.659146884
62.06820944,9.488289989
62.06820944,9.317433095
62.06820944,9.146576201
62.06820944,8.975719306
62.06820944,8.804862412
62.06820944,8.634005518
62.06820944,8.463148624
62.06820944,8.292291729
62.06820944,8.121434835
62.06820944,7.950577941
62.06820944,7.779721046
62.06820944,7.608864152
62.06820944,7.438007258
62.06820944,7.267150363
62.06820944,7.096293469
62.06820944,6.925436575
62.06820944,6.754579681
62.06820944,6.583722786
62.06820944,6.412865892
62.06820944,6.242008998
62.06820944,6.071152103
62.06820944,4.704296949
62.06820944,4.533440055
62.06820944,2.141443534
62.06820944,1.97058664
62.56894456,10.34287794
62.56894456,10.17202104
62.56894456,10.00116415
62.56894456,9.830307254
62.56894456,9.65945036
62.56894456,9.488593465
62.56894456,9.317736571
62.56894456,9.146879677
62.56894456,8.976022782
62.56894456,8.805165888
62.56894456,8.634308994
62.56894456,8.463452099
62.56894456,8.292595205
62.56894456,8.121738311
62.56894456,7.950881417
62.56894456,7.780024522
62.56894456,7.609167628
62.56894456,7.438310734
62.56894456,7.267453839
62.56894456,7.096596945
62.56894456,6.925740051
62.56894456,6.754883156
62.56894456,6.584026262
62.56894456,6.413169368
62.56894456,6.242312473
62.56894456,6.071455579
62.56894456,5.900598685
62.56894456,5.729741791
62.56894456,5.558884896
62.56894456,5.388028002
62.56894456,5.217171108
62.56894456,5.046314213
62.56894456,4.875457319
62.56894456,4.704600425
62.56894456,4.53374353
62.56894456,2.14174701
62.56894456,1.970890116
63.06967969,8.122041787
63.06967969,7.951184892
63.06967969,7.780327998
63.06967969,7.609471104
63.06967969,6.071759055
63.06967969,5.900902161
63.06967969,5.730045266
63.06967969,5.559188372
63.06967969,5.388331478
63.06967969,5.217474584
63.06967969,5.046617689
63.06967969,4.875760795
63.06967969,4.704903901
63.06967969,4.534047006
63.06967969,4.363190112
63.06967969,2.996334958
63.06967969,2.825478063
63.06967969,2.654621169
63.06967969,2.483764275
63.06967969,2.31290738
63.06967969,2.142050486
63.06967969,1.971193592
63.57041481,8.122345262
63.57041481,7.951488368
63.57041481,7.780631474
63.57041481,7.60977458
63.57041481,7.438917685
63.57041481,4.705207376
63.57041481,4.534350482
63.57041481,4.363493588
63.57041481,2.996638433
63.57041481,2.825781539
63.57041481,2.654924645
63.57041481,2.484067751
63.57041481,2.313210856
63.57041481,2.142353962
63.57041481,1.971497068
64.07114994,7.951791844
64.07114994,7.78093495
64.07114994,7.610078055
64.07114994,7.439221161
64.07114994,7.268364267
64.07114994,7.097507373
64.07114994,6.926650478
64.07114994,6.755793584
64.07114994,6.58493669
64.07114994,6.414079795
64.07114994,5.559795324
64.07114994,5.388938429
64.07114994,5.218081535
64.07114994,5.047224641
64.07114994,4.876367747
64.07114994,4.534653958
64.07114994,4.363797064
64.07114994,4.192940169
64.07114994,4.022083275
64.07114994,2.996941909
64.07114994,2.826085015
64.07114994,2.655228121
64.07114994,2.484371226
64.07114994,2.313514332
64.07114994,2.142657438
64.07114994,1.971800543
64.07114994,1.800943649
64.07114994,1.630086755
64.57188507,7.781238426
64.57188507,7.610381531
64.57188507,7.439524637
64.57188507,7.268667743
64.57188507,7.097810848
64.57188507,6.926953954
64.57188507,6.243526377
64.57188507,6.072669483
64.57188507,5.901812588
64.57188507,5.730955694
64.57188507,5.5600988
64.57188507,5.389241905
64.57188507,4.36410054
64.57188507,4.193243645
64.57188507,4.022386751
64.57188507,2.826388491
64.57188507,2.655531596
64.57188507,2.484674702
64.57188507,2.313817808
64.57188507,2.142960914
64.57188507,1.972104019
64.57188507,1.801247125
64.57188507,1.630390231
64.57188507,1.459533336
65.07262019,7.781541901
65.07262019,7.098114324
65.07262019,6.92725743
65.07262019,5.560402275
65.07262019,4.876974698
65.07262019,4.706117804
65.07262019,4.53526091
65.07262019,4.022690227
65.07262019,3.851833332
65.07262019,3.680976438
65.07262019,3.510119544
65.07262019,1.630693707
65.07262019,1.459836812
65.57335532,7.781845377
65.57335532,7.0984178
65.57335532,6.927560906
65.57335532,4.877278174
65.57335532,4.70642128
65.57335532,4.535564385
65.57335532,3.852136808
65.57335532,3.681279914
65.57335532,3.51042302
65.57335532,1.972710971
65.57335532,1.801854077
65.57335532,1.630997182
65.57335532,1.460140288
66.07409044,7.611291959
66.07409044,7.440435064
66.07409044,7.26957817
66.07409044,7.098721276
66.07409044,6.927864382
66.07409044,4.535867861
66.07409044,4.365010967
66.07409044,3.852440284
66.07409044,3.68158339
66.07409044,3.510726495
66.07409044,2.143871341
66.07409044,1.973014447
66.07409044,1.802157552
66.07409044,1.631300658
66.07409044,1.460443764
66.57482557,7.611595435
66.57482557,7.44073854
66.57482557,7.269881646
66.57482557,7.099024752
66.57482557,6.928167857
66.57482557,4.536171337
66.57482557,4.023600654
66.57482557,3.85274376
66.57482557,3.681886866
66.57482557,2.315031711
66.57482557,2.144174817
66.57482557,1.973317923
67.07556069,8.466183382
67.07556069,8.295326488
67.07556069,8.124469593
67.07556069,7.953612699
67.07556069,7.782755805
67.07556069,7.61189891
67.07556069,7.441042016
67.07556069,7.099328228
67.07556069,6.928471333
67.07556069,4.707331707
67.07556069,4.536474813
67.07556069,4.365617919
67.07556069,4.194761024
67.07556069,4.02390413
67.07556069,3.853047236
67.07556069,2.315335187
67.07556069,2.144478293
67.07556069,1.973621398
67.07556069,1.802764504
67.57629582,9.149914435
67.57629582,8.979057541
67.57629582,8.808200646
67.57629582,8.637343752
67.57629582,8.466486858
67.57629582,8.295629963
67.57629582,8.124773069
67.57629582,7.953916175
67.57629582,7.783059281
67.57629582,7.612202386
67.57629582,7.441345492
67.57629582,7.270488598
67.57629582,7.099631703
67.57629582,6.928774809
67.57629582,6.757917915
67.57629582,6.58706102
67.57629582,6.416204126
67.57629582,6.245347232
67.57629582,6.074490338
67.57629582,5.903633443
67.57629582,5.732776549
67.57629582,5.561919655
67.57629582,5.39106276
67.57629582,5.220205866
67.57629582,5.049348972
67.57629582,4.878492077
67.57629582,4.707635183
67.57629582,4.536778289
67.57629582,4.365921395
67.57629582,4.1950645
67.57629582,4.024207606
67.57629582,2.315638663
67.57629582,2.144781769
67.57629582,1.973924874
67.57629582,1.80306798
67.57629582,1.632211086
67.57629582,1.461354191
67.57629582,1.290497297
67.57629582,1.119640403
67.57629582,0.948783508
68.07703094,9.321074805
68.07703094,9.150217911
68.07703094,8.979361016
68.07703094,8.808504122
68.07703094,8.637647228
68.07703094,8.466790334
68.07703094,8.295933439
68.07703094,8.125076545
68.07703094,7.954219651
68.07703094,7.783362756
68.07703094,7.612505862
68.07703094,7.441648968
68.07703094,7.270792073
68.07703094,7.099935179
68.07703094,6.929078285
68.07703094,6.758221391
68.07703094,6.587364496
68.07703094,6.416507602
68.07703094,6.245650708
68.07703094,6.074793813
68.07703094,5.903936919
68.07703094,5.733080025
68.07703094,5.56222313
68.07703094,4.537081765
68.07703094,4.36622487
68.07703094,1.119943879
68.07703094,0.949086984
68.57776607,9.150521387
68.57776607,8.979664492
68.57776607,8.808807598
68.57776607,8.637950704
68.57776607,8.467093809
68.57776607,8.296236915
68.57776607,8.125380021
68.57776607,7.954523127
68.57776607,7.783666232
68.57776607,7.612809338
68.57776607,7.441952444
68.57776607,7.271095549
68.57776607,7.100238655
68.57776607,6.929381761
68.57776607,6.758524866
68.57776607,6.587667972
68.57776607,6.416811078
68.57776607,6.245954183
68.57776607,6.075097289
68.57776607,5.904240395
68.57776607,5.733383501
68.57776607,5.562526606
68.57776607,5.391669712
68.57776607,5.220812818
68.57776607,5.049955923
68.57776607,1.120247354
68.57776607,0.94939046
69.07850119,7.613112814
69.07850119,7.442255919
69.07850119,5.562830082
69.07850119,5.391973188
69.07850119,5.221116294
69.07850119,5.050259399
69.07850119,4.879402505
69.07850119,4.708545611
69.07850119,4.537688716
69.07850119,1.291407725
69.07850119,1.12055083
69.07850119,0.949693936
69.57923632,7.442559395
69.57923632,5.221419769
69.57923632,5.050562875
69.57923632,4.879705981
69.57923632,4.708849086
69.57923632,4.537992192
69.57923632,4.367135298
69.57923632,1.2917112
69.57923632,1.120854306
70.07997144,7.272005977
70.07997144,7.101149083
70.07997144,6.930292188
70.07997144,5.221723245
70.07997144,5.050866351
70.07997144,4.880009457
70.07997144,4.709152562
70.07997144,4.538295668
70.07997144,4.367438774
70.07997144,1.633728465
70.07997144,1.462871571
70.07997144,1.292014676
70.58070657,7.101452558
70.58070657,6.930595664
70.58070657,5.051169827
70.58070657,4.880312932
70.58070657,4.709456038
70.58070657,4.538599144
70.58070657,1.634031941
70.58070657,1.463175046
70.58070657,1.292318152
70.58070657,1.121461258
71.0814417,7.272612928
71.0814417,7.101756034
71.0814417,6.93089914
71.0814417,4.880616408
71.0814417,4.709759514
71.0814417,4.368045725
71.0814417,4.197188831
71.0814417,1.463478522
71.0814417,1.292621628
71.0814417,1.121764734
71.58217682,7.272916404
71.58217682,7.10205951
71.58217682,4.880919884
71.58217682,4.71006299
71.58217682,4.368349201
71.58217682,4.197492307
71.58217682,2.488923364
71.58217682,2.31806647
71.58217682,2.147209575
71.58217682,1.976352681
71.58217682,1.805495787
71.58217682,1.634638892
71.58217682,1.463781998
71.58217682,1.292925104
71.58217682,1.122068209
72.08291195,7.614933669
72.08291195,7.444076774
72.08291195,7.27321988
72.08291195,7.102362986
72.08291195,5.052080254
72.08291195,4.88122336
72.08291195,4.197795783
72.08291195,2.48922684
72.08291195,2.318369945
72.08291195,2.147513051
72.08291195,1.976656157
72.08291195,1.805799262
72.08291195,1.634942368
72.08291195,1.464085474
72.08291195,1.29322858
0.426287744,4.509478443
0.426287744,4.582205716
